Имя пользователя,Email,Имя,Фамилия,Роль,Статус,Дата регистрации,Последняя активность,Количество постов,Количество тем,Достижений,Текущий ранг,Очки ранга
eclipse,simernin.mat@gmail.com,,,User,Активен,2025-09-27 15:10:16,2025-12-01 13:33,11,4,4,Нет ранга,0
EclipseMail,simernin.mat@gmail.com,,,User,Активен,2025-12-01 13:17:24,2025-12-01 13:33,15,2,0,Нет ранга,0
admin,admin@gadukagang.com,Админ,Главный,Super Admin,Активен,2025-12-01 13:22:59,2025-12-01 13:33,6,3,0,Нет ранга,0
moderator1,mod1@gadukagang.com,Модератор,Первый,Moderator,Активен,2025-12-01 13:23:00,2025-12-01 13:33,6,2,3,Нет ранга,0
moderator2,mod2@gadukagang.com,Модератор,Второй,Moderator,Активен,2025-12-01 13:23:00,2025-12-01 13:33,3,2,3,Нет ранга,0
user1,user1@gadukagang.com,Иван,Петров,User,Активен,2025-12-01 13:23:00,2025-12-01 13:33,7,3,1,Нет ранга,0
user2,user2@gadukagang.com,Мария,Сидорова,User,Активен,2025-12-01 13:23:00,2025-12-01 13:33,5,3,3,Нет ранга,0
user3,user3@gadukagang.com,Алексей,Иванов,User,Активен,2025-12-01 13:23:01,2025-12-01 13:33,9,4,3,Нет ранга,0
user4,user4@gadukagang.com,Елена,Козлова,User,Активен,2025-12-01 13:23:01,2025-12-01 13:33,4,3,1,Нет ранга,0
user5,user5@gadukagang.com,Дмитрий,Смирнов,User,Активен,2025-12-01 13:23:01,2025-12-01 13:33,23,1,1,Нет ранга,0
EclipseSuper,simernin.mat@gmail.com,,,User,Активен,2025-12-01 13:25:17,2025-12-01 14:14,20,11,4,Нет ранга,0
EclipseModer,simernin.mat@gmail.com,,,Moderator,Активен,2025-12-01 13:27:33,2025-12-01 13:33,19,2,0,Нет ранга,0
Eclipse123,eclipse@gmail.com,,,User,Активен,2025-12-01 14:47:47,2025-12-01 14:47,0,0,0,Нет ранга,0
vsevolod_22,sharapovaverki@example.com,,,User,Активен,2026-01-18 16:14:16,2026-01-18 16:14,0,0,0,Нет ранга,0
iosif_32,galkinisidor@example.org,,,User,Активен,2026-01-18 16:14:19,2026-01-18 16:14,0,0,0,Нет ранга,0
ljubim1994,lavrentilitkin@example.org,,,User,Активен,2026-01-18 16:14:20,2026-01-18 16:14,0,0,0,Нет ранга,0
nikitaivanov,ustin_1985@example.net,,,User,Активен,2026-01-18 16:14:20,2026-01-18 16:14,0,0,0,Нет ранга,0
kazimir_2008,faina84@example.org,,,User,Активен,2026-01-18 16:14:22,2026-01-18 16:14,0,0,0,Нет ранга,0
osipovaemilija,mstislavvolkov@example.net,,,User,Активен,2026-01-18 16:14:22,2026-01-18 16:14,0,0,0,Нет ранга,0
rjurik1984,kulikovboris@example.org,,,User,Активен,2026-01-18 16:14:23,2026-01-18 16:14,0,0,0,Нет ранга,0
panovagge,baranovvitali@example.net,,,User,Активен,2026-01-18 16:14:24,2026-01-18 16:14,0,0,0,Нет ранга,0
kira89,konstantin63@example.net,,,User,Активен,2026-01-18 16:14:25,2026-01-18 16:14,0,0,0,Нет ранга,0
andronpotapov,veniamin_1996@example.org,,,User,Активен,2026-01-18 16:14:25,2026-01-18 16:14,0,0,0,Нет ранга,0
kostinataisija,azari_97@example.net,,,User,Активен,2026-01-18 16:14:25,2026-01-18 16:14,0,0,0,Нет ранга,0
braginsilvestr,uljana_1972@example.net,,,User,Активен,2026-01-18 16:14:26,2026-01-18 16:14,0,0,0,Нет ранга,0
ferapont2024,djachkovnazar@example.org,,,User,Активен,2026-01-18 16:14:26,2026-01-18 16:14,0,0,0,Нет ранга,0
kolesnikovsvetozar,alla_20@example.com,,,User,Активен,2026-01-18 16:14:28,2026-01-18 16:14,0,0,0,Нет ранга,0
ermola_96,gorshkovalarisa@example.org,,,User,Активен,2026-01-18 16:14:28,2026-01-18 16:14,0,0,0,Нет ранга,0
agafja69,aleksandra27@example.com,,,User,Активен,2026-01-18 16:14:28,2026-01-18 16:14,0,0,0,Нет ранга,0
kozlovamaja,andron12@example.org,,,User,Активен,2026-01-18 16:14:30,2026-01-18 16:14,0,0,0,Нет ранга,0
kulakovsemen,samson43@example.net,,,User,Активен,2026-01-18 16:14:30,2026-01-18 16:14,0,0,0,Нет ранга,0
tbelozerov,radovan75@example.net,,,User,Активен,2026-01-18 16:14:30,2026-01-18 16:14,0,0,0,Нет ранга,0
maksimovalukija,trifonsharapov@example.com,,,User,Активен,2026-01-18 16:14:31,2026-01-18 16:14,0,0,0,Нет ранга,0
galkinairaida,polina2019@example.org,,,User,Активен,2026-01-18 16:14:31,2026-01-18 16:14,0,0,0,Нет ранга,0
gushchinaanzhelika,efimovstojan@example.org,,,User,Активен,2026-01-18 16:14:31,2026-01-18 16:14,0,0,0,Нет ранга,0
lukakarpov,potapovagge@example.com,,,User,Активен,2026-01-18 16:14:31,2026-01-18 16:14,0,0,0,Нет ранга,0
zuevaivanna,mishinjanuari@example.org,,,User,Активен,2026-01-18 16:14:32,2026-01-18 16:14,0,0,0,Нет ранга,0
kirill2014,birjukovgerman@example.net,,,User,Активен,2026-01-18 16:14:33,2026-01-18 16:14,0,0,0,Нет ранга,0
kazakovamaja,julian1979@example.net,,,User,Активен,2026-01-18 16:14:33,2026-01-18 16:14,0,0,0,Нет ранга,0
ratmir_28,rjurik2017@example.com,,,User,Активен,2026-01-18 16:14:33,2026-01-18 16:14,0,0,0,Нет ранга,0
shashkovaakulina,boris_1988@example.com,,,User,Активен,2026-01-18 16:14:34,2026-01-18 16:14,0,0,0,Нет ранга,0
afanasi37,bolshakovaleksandr@example.com,,,User,Активен,2026-01-18 16:14:34,2026-01-18 16:14,0,0,0,Нет ранга,0
olimpiada1994,gorbunovladislav@example.com,,,User,Активен,2026-01-18 16:14:36,2026-01-18 16:14,0,0,0,Нет ранга,0
afanasevmstislav,bespalovgrigori@example.com,,,User,Активен,2026-01-18 16:14:36,2026-01-18 16:14,0,0,0,Нет ранга,0
savinplaton,elizaveta_1996@example.org,,,User,Активен,2026-01-18 16:14:36,2026-01-18 16:14,0,0,0,Нет ранга,0
fedosiuvarov,melnikovzinovi@example.org,,,User,Активен,2026-01-18 16:14:36,2026-01-18 16:14,0,0,0,Нет ранга,0
arefipahomov,kononovzahar@example.net,,,User,Активен,2026-01-18 16:14:36,2026-01-18 16:14,0,0,0,Нет ранга,0
belozerovrjurik,buvarova@example.net,,,User,Активен,2026-01-18 16:14:37,2026-01-18 16:14,0,0,0,Нет ранга,0
prohor2002,stepan_1998@example.org,,,User,Активен,2026-01-18 16:14:39,2026-01-18 16:14,0,0,0,Нет ранга,0
ljudmila98,filatovadam@example.net,,,User,Активен,2026-01-18 16:14:39,2026-01-18 16:14,0,0,0,Нет ранга,0
igalkina,sbragin@example.org,,,User,Активен,2026-01-18 16:14:39,2026-01-18 16:14,0,0,0,Нет ранга,0
venediktmamontov,bogdanovharlampi@example.net,,,User,Активен,2026-01-18 16:14:40,2026-01-18 16:14,0,0,0,Нет ранга,0
pavlovaevgenija,irina_1978@example.net,,,User,Активен,2026-01-18 16:14:40,2026-01-18 16:14,0,0,0,Нет ранга,0
merkushevmilan,veronika_2006@example.net,,,User,Активен,2026-01-18 16:14:41,2026-01-18 16:14,0,0,0,Нет ранга,0
stepan2016,nsharapova@example.net,,,User,Активен,2026-01-18 16:14:41,2026-01-18 16:14,0,0,0,Нет ранга,0
ljubomir2020,suhanovdemjan@example.net,,,User,Активен,2026-01-18 16:14:41,2026-01-18 16:14,0,0,0,Нет ранга,0
samolovapollinari,ilarion_51@example.net,,,User,Активен,2026-01-18 16:14:41,2026-01-18 16:14,0,0,0,Нет ранга,0
dobroslav_71,lora81@example.com,,,User,Активен,2026-01-18 16:14:42,2026-01-18 16:14,0,0,0,Нет ранга,0
uljan_2017,pantelemon88@example.org,,,User,Активен,2026-01-18 16:14:43,2026-01-18 16:14,0,0,0,Нет ранга,0
fedot91,fedotovgeorgi@example.org,,,User,Активен,2026-01-18 16:14:44,2026-01-18 16:14,0,0,0,Нет ранга,0
bragingleb,emishin@example.com,,,User,Активен,2026-01-18 16:14:44,2026-01-18 16:14,0,0,0,Нет ранга,0
angelina_48,tvorimirosipov@example.org,,,User,Активен,2026-01-18 16:14:44,2026-01-18 16:14,0,0,0,Нет ранга,0
olimpiada1996,filatovarhip@example.com,,,User,Активен,2026-01-18 16:14:44,2026-01-18 16:14,0,0,0,Нет ранга,0
bogdanovljubomir,simon1982@example.com,,,User,Активен,2026-01-18 16:50:57,2026-01-18 16:50,0,0,0,Нет ранга,0
lukija19,rbelov@example.com,,,User,Активен,2026-01-18 16:51:00,2026-01-18 16:51,0,0,0,Нет ранга,0
sofija_27,nonna1992@example.org,,,User,Активен,2026-01-18 16:51:01,2026-01-18 16:51,0,0,0,Нет ранга,0
evstigne_1987,teterinporfiri@example.org,,,User,Активен,2026-01-18 16:51:01,2026-01-18 16:51,0,0,0,Нет ранга,0
titovaija,lavr2025@example.net,,,User,Активен,2026-01-18 16:51:02,2026-01-18 16:51,0,0,0,Нет ранга,0
ratibor1970,strelkovamos@example.net,,,User,Активен,2026-01-18 16:51:02,2026-01-18 16:51,0,0,0,Нет ранга,0
agata2022,solovevpankrati@example.com,,,User,Активен,2026-01-18 16:51:03,2026-01-18 16:51,0,0,0,Нет ранга,0
sokolovaraisa,gurevanisim@example.org,,,User,Активен,2026-01-18 16:51:04,2026-01-18 16:51,0,0,0,Нет ранга,0
vatslav34,strelkovfedor@example.org,,,User,Активен,2026-01-18 16:51:05,2026-01-18 16:51,0,0,0,Нет ранга,0
tkostina,viktor2005@example.net,,,User,Активен,2026-01-18 16:51:05,2026-01-18 16:51,0,0,0,Нет ранга,0
vsemilvolkov,fedotdementev@example.net,,,User,Активен,2026-01-18 16:51:05,2026-01-18 16:51,0,0,0,Нет ранга,0
agge60,kemeljanova@example.com,,,User,Активен,2026-01-18 16:51:06,2026-01-18 16:51,0,0,0,Нет ранга,0
mihe32,lsitnikov@example.com,,,User,Активен,2026-01-18 16:51:07,2026-01-18 16:51,0,0,0,Нет ранга,0
bogdanovmark,lapinvladilen@example.net,,,User,Активен,2026-01-18 16:51:08,2026-01-18 16:51,0,0,0,Нет ранга,0
galaktion_1997,prohorovapolina@example.org,,,User,Активен,2026-01-18 16:51:08,2026-01-18 16:51,0,0,0,Нет ранга,0
mstislav57,kirill_23@example.com,,,User,Активен,2026-01-18 16:51:08,2026-01-18 16:51,0,0,0,Нет ранга,0
feofan_1979,pahom2015@example.org,,,User,Активен,2026-01-18 16:51:08,2026-01-18 16:51,0,0,0,Нет ранга,0
vladlen_1986,sharovauljana@example.org,,,User,Активен,2026-01-18 16:51:09,2026-01-18 16:51,0,0,0,Нет ранга,0
filaretkrasilnikov,xvorobev@example.net,,,User,Активен,2026-01-18 16:51:09,2026-01-18 16:51,0,0,0,Нет ранга,0
kzikova,kirillovereme@example.org,,,User,Активен,2026-01-18 16:51:10,2026-01-18 16:51,0,0,0,Нет ранга,0
ilja_2021,sustinov@example.org,,,User,Активен,2026-01-18 16:51:10,2026-01-18 16:51,0,0,0,Нет ранга,0
savvaorehov,adam66@example.org,,,User,Активен,2026-01-18 16:51:10,2026-01-18 16:51,0,0,0,Нет ранга,0
tihonkorolev,miheevmiroslav@example.net,,,User,Активен,2026-01-18 16:51:10,2026-01-18 16:51,0,0,0,Нет ранга,0
lazarevapollinari,guljaevmiron@example.net,,,User,Активен,2026-01-18 16:51:11,2026-01-18 16:51,0,0,0,Нет ранга,0
romanovvikenti,burovataisija@example.net,,,User,Активен,2026-01-18 16:51:11,2026-01-18 16:51,0,0,0,Нет ранга,0
spiridon_68,petuhovladimir@example.com,,,User,Активен,2026-01-18 16:51:11,2026-01-18 16:51,0,0,0,Нет ранга,0
vorontsovaveronika,galina50@example.com,,,User,Активен,2026-01-18 16:51:11,2026-01-18 16:51,0,0,0,Нет ранга,0
naumsafonov,ippolit2025@example.com,,,User,Активен,2026-01-18 16:51:11,2026-01-18 16:51,0,0,0,Нет ранга,0
zhukovgorde,sokrat_2005@example.net,,,User,Активен,2026-01-18 16:51:12,2026-01-18 16:51,0,0,0,Нет ранга,0
romanovsevastjan,karl94@example.com,,,User,Активен,2026-01-18 16:51:13,2026-01-18 16:51,0,0,0,Нет ранга,0
komarovvasili,ippolitsimonov@example.org,,,User,Активен,2026-01-18 16:51:14,2026-01-18 16:51,0,0,0,Нет ранга,0
visheslav_30,bogdan_1972@example.com,,,User,Активен,2026-01-18 16:51:14,2026-01-18 16:51,0,0,0,Нет ранга,0
hariton_1993,serafim72@example.org,,,User,Активен,2026-01-18 16:51:15,2026-01-18 16:51,0,0,0,Нет ранга,0
krasilnikovantip,ljubosmisl_2011@example.com,,,User,Активен,2026-01-18 16:51:15,2026-01-18 16:51,0,0,0,Нет ранга,0
radim1990,naumovilarion@example.org,,,User,Активен,2026-01-18 16:51:15,2026-01-18 16:51,0,0,0,Нет ранга,0
lihachevaeleonora,angelina_1976@example.org,,,User,Активен,2026-01-18 16:51:15,2026-01-18 16:51,0,0,0,Нет ранга,0
bpavlova,fadeevafinogen@example.com,,,User,Активен,2026-01-18 16:51:16,2026-01-18 16:51,0,0,0,Нет ранга,0
moiseevapraskovja,andron88@example.com,,,User,Активен,2026-01-18 16:51:17,2026-01-18 16:51,0,0,0,Нет ранга,0
ratibor_2014,karp_1972@example.net,,,User,Активен,2026-01-18 16:51:18,2026-01-18 16:51,0,0,0,Нет ранга,0
evgraf_52,flarionov@example.org,,,User,Активен,2026-01-18 16:51:18,2026-01-18 16:51,0,0,0,Нет ранга,0
mironovruslan,ljubov1985@example.org,,,User,Активен,2026-01-18 16:51:18,2026-01-18 16:51,0,0,0,Нет ранга,0
filippovnaum,gavrilovleon@example.org,,,User,Активен,2026-01-18 16:51:18,2026-01-18 16:51,0,0,0,Нет ранга,0
polikarpzimin,efimmoiseev@example.org,,,User,Активен,2026-01-18 16:51:21,2026-01-18 16:51,0,0,0,Нет ранга,0
silinaelena,martin1972@example.org,,,User,Активен,2026-01-18 16:51:21,2026-01-18 16:51,0,0,0,Нет ранга,0
dobroslav_1980,anikita1975@example.net,,,User,Активен,2026-01-18 16:51:22,2026-01-18 16:51,0,0,0,Нет ранга,0
sazonovbogdan,jaroslav_1981@example.com,,,User,Активен,2026-01-18 16:51:23,2026-01-18 16:51,0,0,0,Нет ранга,0
wbelousova,emeljanovaviktorija@example.com,,,User,Активен,2026-01-18 16:51:23,2026-01-18 16:51,0,0,0,Нет ранга,0
belousovmiron,borisovmodest@example.com,,,User,Активен,2026-01-18 16:51:24,2026-01-18 16:51,0,0,0,Нет ранга,0
dobroslav_49,veniamin_1995@example.com,,,User,Активен,2026-01-18 16:51:24,2026-01-18 16:51,0,0,0,Нет ранга,0
esaveleva,pnoskova@example.net,,,User,Активен,2026-01-18 16:51:25,2026-01-18 16:51,0,0,0,Нет ранга,0
antip_81,olegkostin@example.com,,,User,Активен,2026-01-18 16:51:27,2026-01-18 16:51,0,0,0,Нет ранга,0
vorontsovavalerija,konovalovaviktorija@example.org,,,User,Активен,2026-01-18 16:51:27,2026-01-18 16:51,0,0,0,Нет ранга,0
bojan60,fominmilen@example.org,,,User,Активен,2026-01-18 16:51:29,2026-01-18 16:51,0,0,0,Нет ранга,0
vadim_24,vorobevavera@example.net,,,User,Активен,2026-01-18 16:51:29,2026-01-18 16:51,0,0,0,Нет ранга,0
sisoevilja,jan_1977@example.org,,,User,Активен,2026-01-18 16:51:29,2026-01-18 16:51,0,0,0,Нет ранга,0
samsonovmakar,dmitrievpanfil@example.org,,,User,Активен,2026-01-18 16:51:30,2026-01-18 16:51,0,0,0,Нет ранга,0
efimovisidor,wefremov@example.net,,,User,Активен,2026-01-18 16:51:30,2026-01-18 16:51,0,0,0,Нет ранга,0
miheevaaleksandra,viktor1994@example.net,,,User,Активен,2026-01-18 16:51:30,2026-01-18 16:51,0,0,0,Нет ранга,0
savinmark,kondrat1977@example.net,,,User,Активен,2026-01-18 16:51:31,2026-01-18 16:51,0,0,0,Нет ранга,0
burovdorofe,raisa24@example.org,,,User,Активен,2026-01-18 16:51:31,2026-01-18 16:51,0,0,0,Нет ранга,0
evlampimaksimov,potapovvladimir@example.net,,,User,Активен,2026-01-18 16:51:32,2026-01-18 16:51,0,0,0,Нет ранга,0
anikekirillov,medvedevagalina@example.com,,,User,Активен,2026-01-18 16:51:33,2026-01-18 16:51,0,0,0,Нет ранга,0
vseslav1992,vissarion_54@example.net,,,User,Активен,2026-01-18 16:51:34,2026-01-18 16:51,0,0,0,Нет ранга,0
kulikovaolimpiada,vasilishirjaev@example.com,,,User,Активен,2026-01-18 16:51:34,2026-01-18 16:51,0,0,0,Нет ранга,0
filimon_1979,radislav2013@example.net,,,User,Активен,2026-01-18 16:51:34,2026-01-18 16:51,0,0,0,Нет ранга,0
aleksandr82,azari21@example.net,,,User,Активен,2026-01-18 16:51:35,2026-01-18 16:51,0,0,0,Нет ранга,0
polikarpkornilov,romansharov@example.com,,,User,Активен,2026-01-18 16:51:35,2026-01-18 16:51,0,0,0,Нет ранга,0
ljubomir03,ippolit_1984@example.com,,,User,Активен,2026-01-18 16:51:35,2026-01-18 16:51,0,0,0,Нет ранга,0
agap89,vatslavgrigorev@example.com,,,User,Активен,2026-01-18 16:51:36,2026-01-18 16:51,0,0,0,Нет ранга,0
evseevaskold,dobromisl64@example.com,,,User,Активен,2026-01-18 16:51:37,2026-01-18 16:51,0,0,0,Нет ранга,0
pankrat2010,nrogov@example.org,,,User,Активен,2026-01-18 16:51:37,2026-01-18 16:51,0,0,0,Нет ранга,0
stanimirgorbunov,orlovdorofe@example.com,,,User,Активен,2026-01-18 16:51:37,2026-01-18 16:51,0,0,0,Нет ранга,0
arkadi_1983,antoninloginov@example.net,,,User,Активен,2026-01-18 16:51:38,2026-01-18 16:51,0,0,0,Нет ранга,0
vsevolodefremov,zuevljubomir@example.net,,,User,Активен,2026-01-18 16:51:38,2026-01-18 16:51,0,0,0,Нет ранга,0
orehovruben,fevronija2004@example.org,,,User,Активен,2026-01-18 16:51:39,2026-01-18 16:51,0,0,0,Нет ранга,0
terenti2023,ivinogradov@example.org,,,User,Активен,2026-01-18 16:51:39,2026-01-18 16:51,0,0,0,Нет ранга,0
modest99,prokl_27@example.org,,,User,Активен,2026-01-18 16:51:41,2026-01-18 16:51,0,0,0,Нет ранга,0
artem1978,melnikovizot@example.com,,,User,Активен,2026-01-18 16:51:42,2026-01-18 16:51,0,0,0,Нет ранга,0
aksenovaglafira,evgeni_1995@example.net,,,User,Активен,2026-01-18 16:51:42,2026-01-18 16:51,0,0,0,Нет ранга,0
pankrati_1993,evse_2012@example.com,,,User,Активен,2026-01-18 16:51:42,2026-01-18 16:51,0,0,0,Нет ранга,0
matveshcherbakov,feofan52@example.com,,,User,Активен,2026-01-18 16:51:44,2026-01-18 16:51,0,0,0,Нет ранга,0
vladlen72,shubinmir@example.org,,,User,Активен,2026-01-18 16:51:44,2026-01-18 16:51,0,0,0,Нет ранга,0
fominnarkis,simonovkasjan@example.net,,,User,Активен,2026-01-18 16:51:45,2026-01-18 16:51,0,0,0,Нет ранга,0
ljubim_1979,sokrat1981@example.org,,,User,Активен,2026-01-18 16:51:45,2026-01-18 16:51,0,0,0,Нет ранга,0
lihachevaantonina,asisoev@example.com,,,User,Активен,2026-01-18 16:51:45,2026-01-18 16:51,0,0,0,Нет ранга,0
ija_85,fedoseevefrem@example.org,,,User,Активен,2026-01-18 16:51:46,2026-01-18 16:51,0,0,0,Нет ранга,0
moiseevpantelemon,lbelozerova@example.net,,,User,Активен,2026-01-18 16:51:47,2026-01-18 16:51,0,0,0,Нет ранга,0
romansubbotin,aleksandr_75@example.com,,,User,Активен,2026-01-18 16:51:47,2026-01-18 16:51,0,0,0,Нет ранга,0
tihonovkliment,prokofi30@example.org,,,User,Активен,2026-01-18 16:51:47,2026-01-18 16:51,0,0,0,Нет ранга,0
fevronija_77,vgolubev@example.org,,,User,Активен,2026-01-18 16:51:48,2026-01-18 16:51,0,0,0,Нет ранга,0
onufri40,ruben_1995@example.net,,,User,Активен,2026-01-18 16:51:48,2026-01-18 16:51,0,0,0,Нет ранга,0
terentevboleslav,taras_1979@example.org,,,User,Активен,2026-01-18 16:51:49,2026-01-18 16:51,0,0,0,Нет ранга,0
xgerasimova,velimir_2014@example.org,,,User,Активен,2026-01-18 16:51:50,2026-01-18 16:51,0,0,0,Нет ранга,0
gostomisl2012,kondrati_93@example.org,,,User,Активен,2026-01-18 16:51:51,2026-01-18 16:51,0,0,0,Нет ранга,0
ija_2023,danila_74@example.net,,,User,Активен,2026-01-18 16:51:51,2026-01-18 16:51,0,0,0,Нет ранга,0
galina_72,xmironov@example.net,,,User,Активен,2026-01-18 16:51:51,2026-01-18 16:51,0,0,0,Нет ранга,0
konstantinovevstafi,valentina1985@example.org,,,User,Активен,2026-01-18 16:51:52,2026-01-18 16:51,0,0,0,Нет ранга,0
ysazonova,ustin_55@example.com,,,User,Активен,2026-01-18 16:51:52,2026-01-18 16:51,0,0,0,Нет ранга,0
izuev,nestor_69@example.com,,,User,Активен,2026-01-18 16:51:52,2026-01-18 16:51,0,0,0,Нет ранга,0
maslovvladislav,komissarovferapont@example.com,,,User,Активен,2026-01-18 16:51:52,2026-01-18 16:51,0,0,0,Нет ранга,0
tgavrilov,vsevolod1971@example.org,,,User,Активен,2026-01-18 16:51:53,2026-01-18 16:51,0,0,0,Нет ранга,0
ljubomirkozlov,pestovajulija@example.org,,,User,Активен,2026-01-18 16:51:53,2026-01-18 16:51,0,0,0,Нет ранга,0
subbotinemil,sobolevdmitri@example.net,,,User,Активен,2026-01-18 16:51:54,2026-01-18 16:51,0,0,0,Нет ранга,0
varvara57,aivanova@example.net,,,User,Активен,2026-01-18 16:51:54,2026-01-18 16:51,0,0,0,Нет ранга,0
fominalarisa,anisimovaevdokija@example.org,,,User,Активен,2026-01-18 16:51:54,2026-01-18 16:51,0,0,0,Нет ранга,0
zinovi_40,kulikovapraskovja@example.net,,,User,Активен,2026-01-18 16:51:55,2026-01-18 16:51,0,0,0,Нет ранга,0
osipbaranov,longin_53@example.com,,,User,Активен,2026-01-18 16:51:55,2026-01-18 16:51,0,0,0,Нет ранга,0
apollon64,kononovvitali@example.net,,,User,Активен,2026-01-18 16:51:55,2026-01-18 16:51,0,0,0,Нет ранга,0
evpraksija64,averjan_1982@example.com,,,User,Активен,2026-01-18 16:51:55,2026-01-18 16:51,0,0,0,Нет ранга,0
hgushchin,venedikt_25@example.com,,,User,Активен,2026-01-19 07:18:23,2026-01-19 07:18,0,0,0,Нет ранга,0
matveevaemilija,izotkrilov@example.com,,,User,Активен,2026-01-19 07:18:23,2026-01-19 07:18,0,0,0,Нет ранга,0
vlasovlev,lagafonova@example.net,,,User,Активен,2026-01-19 07:18:27,2026-01-19 07:18,0,0,0,Нет ранга,0
ljubosmisl_97,upavlova@example.net,,,User,Активен,2026-01-19 07:18:28,2026-01-19 07:18,0,0,0,Нет ранга,0
ikrasilnikov,karl_09@example.net,,,User,Активен,2026-01-19 07:18:29,2026-01-19 07:18,0,0,0,Нет ранга,0
komissarovvseslav,zuevjuri@example.com,,,User,Активен,2026-01-19 07:18:30,2026-01-19 07:18,0,0,0,Нет ранга,0
kirillovignati,roman25@example.org,,,User,Активен,2026-01-19 07:18:31,2026-01-19 07:18,0,0,0,Нет ранга,0
andre10,volkovaanzhelika@example.net,,,User,Активен,2026-01-19 07:18:31,2026-01-19 07:18,0,0,0,Нет ранга,0
fominaklavdija,hdementev@example.org,,,User,Активен,2026-01-19 08:39:31,2026-01-19 08:39,0,0,0,Нет ранга,0
ljubomir_86,hristoformerkushev@example.org,,,User,Активен,2026-01-19 08:39:31,2026-01-19 08:39,0,0,0,Нет ранга,0
filatovnikandr,jan1983@example.org,,,User,Активен,2026-01-19 08:39:32,2026-01-19 08:39,0,0,0,Нет ранга,0
erofe_1992,mihail2004@example.com,,,User,Активен,2026-01-19 08:39:33,2026-01-19 08:39,0,0,0,Нет ранга,0
selivanlihachev,ratmir_1973@example.com,,,User,Активен,2026-01-19 08:39:33,2026-01-19 08:39,0,0,0,Нет ранга,0
narkis1975,mir_1980@example.org,,,User,Активен,2026-01-19 08:39:34,2026-01-19 08:39,0,0,0,Нет ранга,0
spartak1987,samson1977@example.org,,,User,Активен,2026-01-19 08:39:34,2026-01-19 08:39,0,0,0,Нет ранга,0
sobolevnikandr,vladlen_92@example.com,,,User,Активен,2026-01-19 08:39:35,2026-01-19 08:39,0,0,0,Нет ранга,0
juli_2013,fade_2000@example.org,,,User,Активен,2026-01-19 08:39:35,2026-01-19 08:39,0,0,0,Нет ранга,0
orehovprokl,amosbeljakov@example.org,,,User,Активен,2026-01-19 08:39:36,2026-01-19 08:39,0,0,0,Нет ранга,0
filaret1993,nikanor_76@example.com,,,User,Активен,2026-01-19 08:39:36,2026-01-19 08:39,0,0,0,Нет ранга,0
tkomissarova,ferapont14@example.net,,,User,Активен,2026-01-19 08:39:37,2026-01-19 08:39,0,0,0,Нет ранга,0
regina_1990,irina_30@example.com,,,User,Активен,2026-01-19 08:39:39,2026-01-19 08:39,0,0,0,Нет ранга,0
zinovevselivan,ljubomir2012@example.com,,,User,Активен,2026-01-19 08:39:40,2026-01-19 08:39,0,0,0,Нет ранга,0
demid2001,fominjan@example.com,,,User,Активен,2026-01-19 08:39:40,2026-01-19 08:39,0,0,0,Нет ранга,0
nosovkirill,florentin_2016@example.com,,,User,Активен,2026-01-19 08:39:41,2026-01-19 08:39,0,0,0,Нет ранга,0
irina_2002,galkinustin@example.org,,,User,Активен,2026-01-19 08:39:43,2026-01-19 08:39,0,0,0,Нет ранга,0
solomon71,elizar_1977@example.org,,,User,Активен,2026-01-19 08:39:43,2026-01-19 08:39,0,0,0,Нет ранга,0
voronovazhanna,baranovbazhen@example.com,,,User,Активен,2026-01-19 08:39:45,2026-01-19 08:39,0,0,0,Нет ранга,0
anani_06,petr2019@example.com,,,User,Активен,2026-01-19 08:39:45,2026-01-19 08:39,0,0,0,Нет ранга,0
zmerkusheva,ignatevserge@example.com,,,User,Активен,2026-01-19 08:39:47,2026-01-19 08:39,0,0,0,Нет ранга,0
sisoevlazar,ifrolov@example.org,,,User,Активен,2026-01-19 08:39:47,2026-01-19 08:39,0,0,0,Нет ранга,0
volkovljubomir,leonid_2010@example.com,,,User,Активен,2026-01-19 08:39:47,2026-01-19 08:39,0,0,0,Нет ранга,0
zuevprohor,xvasilev@example.com,,,User,Активен,2026-01-19 08:39:47,2026-01-19 08:39,0,0,0,Нет ранга,0
tihonovaagafja,naina_1986@example.org,,,User,Активен,2026-01-19 08:39:48,2026-01-19 08:39,0,0,0,Нет ранга,0
ferapont1991,aleksandrovjuri@example.net,,,User,Активен,2026-01-19 08:39:49,2026-01-19 08:39,0,0,0,Нет ранга,0
pankrat_2006,lihachevagafon@example.com,,,User,Активен,2026-01-19 08:39:49,2026-01-19 08:39,0,0,0,Нет ранга,0
arhipovilarion,veselovleonid@example.net,,,User,Активен,2026-01-19 08:39:49,2026-01-19 08:39,0,0,0,Нет ранга,0
ninel75,bespalovvitali@example.org,,,User,Активен,2026-01-19 08:39:49,2026-01-19 08:39,0,0,0,Нет ранга,0
akim1999,nina90@example.com,,,User,Активен,2026-01-19 08:39:50,2026-01-19 08:39,0,0,0,Нет ранга,0
moke2016,mechislav_1988@example.com,,,User,Активен,2026-01-19 08:39:52,2026-01-19 08:39,0,0,0,Нет ранга,0
ratibor_1978,eleonora69@example.com,,,User,Активен,2026-01-19 08:39:53,2026-01-19 08:39,0,0,0,Нет ранга,0
samolovalarisa,bogdanovtimofe@example.org,,,User,Активен,2026-01-19 08:39:54,2026-01-19 08:39,0,0,0,Нет ранга,0
nina_1998,filatovmefodi@example.org,,,User,Активен,2026-01-19 08:39:54,2026-01-19 08:39,0,0,0,Нет ранга,0
rostislav2006,cvoronova@example.com,,,User,Активен,2026-01-19 08:39:55,2026-01-19 08:39,0,0,0,Нет ранга,0
romannoskov,rgushchin@example.com,,,User,Активен,2026-01-19 08:39:57,2026-01-19 08:39,0,0,0,Нет ранга,0
savva_1998,lebedevnikandr@example.org,,,User,Активен,2026-01-19 08:39:58,2026-01-19 08:39,0,0,0,Нет ранга,0
vorobevaekaterina,poljakovataisija@example.org,,,User,Активен,2026-01-19 08:39:59,2026-01-19 08:39,0,0,0,Нет ранга,0
jakovlevstanimir,nvladimirov@example.net,,,User,Активен,2026-01-19 08:39:59,2026-01-19 08:39,0,0,0,Нет ранга,0
angelina45,matveevanaina@example.net,,,User,Активен,2026-01-19 08:40:01,2026-01-19 08:40,0,0,0,Нет ранга,0
agafja_1978,vmorozova@example.net,,,User,Активен,2026-01-19 08:40:01,2026-01-19 08:40,0,0,0,Нет ранга,0
tvorimirkuzmin,ksenija_1972@example.net,,,User,Активен,2026-01-19 08:40:02,2026-01-19 08:40,0,0,0,Нет ранга,0
avksenti1977,martinkostin@example.com,,,User,Активен,2026-01-19 08:40:02,2026-01-19 08:40,0,0,0,Нет ранга,0
andronik_1997,fedorovalukija@example.com,,,User,Активен,2026-01-19 08:40:02,2026-01-19 08:40,0,0,0,Нет ранга,0
porfiri_30,ustin1989@example.org,,,User,Активен,2026-01-19 08:40:03,2026-01-19 08:40,0,0,0,Нет ранга,0
okonstantinov,kir_1975@example.org,,,User,Активен,2026-01-19 08:40:04,2026-01-19 08:40,0,0,0,Нет ранга,0
jakovlevagafon,antonin27@example.net,,,User,Активен,2026-01-19 08:40:05,2026-01-19 08:40,0,0,0,Нет ранга,0
luchezar_16,vladimir_2024@example.net,,,User,Активен,2026-01-19 08:40:06,2026-01-19 08:40,0,0,0,Нет ранга,0
erast_48,yzinoveva@example.net,,,User,Активен,2026-01-19 08:40:07,2026-01-19 08:40,0,0,0,Нет ранга,0
demo_checker,demo_checker@example.com,,,User,Активен,2026-02-10 08:57:44,Никогда,0,0,0,Нет ранга,0
demo_pay_user,demo_pay_user@example.com,,,User,Активен,2026-02-10 09:10:14,Никогда,0,0,0,Нет ранга,0
demo_pay_user2,demo_pay_user2@example.com,,,User,Активен,2026-02-10 09:13:59,2026-02-10 09:37,0,0,0,Нет ранга,0
admin_auto,admin_auto@example.com,,,User,Активен,2026-02-10 09:16:00,2026-02-12 08:24,0,0,0,Нет ранга,0
user_pay,user_pay@example.com,,,User,Активен,2026-02-10 09:16:01,Никогда,0,0,0,Нет ранга,0
EclipseUser,simernin.mat@gmail.com,,,User,Активен,2026-02-10 09:20:59,2026-02-10 09:20,0,0,0,Нет ранга,0
control_test_user,ctu@example.com,,,User,Активен,2026-02-10 09:27:44,Никогда,0,0,0,Нет ранга,0
control_pass_user,cpu@example.com,,,User,Активен,2026-02-10 09:28:59,Никогда,0,0,0,Нет ранга,0
control_pass_user2,cpu2@example.com,,,User,Активен,2026-02-10 09:34:38,2026-02-10 09:37,0,0,0,Нет ранга,0
pay_user,pay_user@example.com,,,User,Активен,2026-02-10 09:38:19,Никогда,0,0,0,Нет ранга,0
pay_admin,admin@example.com,,,User,Активен,2026-02-10 09:38:35,Никогда,0,0,0,Нет ранга,0
Densis,ankulask.arali@googlemail.com,,,User,Активен,2026-02-11 18:14:57,2026-02-11 18:14,0,0,0,Нет ранга,0
